sentence_idx,tokens,tags
0,"['Mount', 'Everest', 'is', 'the', 'tallest', 'mountain', 'in', 'the', 'world', '.']","['B-MOUNTAIN', 'I-MOUNTAIN', 'O', 'O', 'O', 'O', 'O', 'O', 'O', 'O']"
1,"['Climbing', 'Mount', 'Everest', 'is', 'a', 'challenging', 'and', 'dangerous', 'feat', '.']","['O', 'B-MOUNTAIN', 'I-MOUNTAIN', 'O', 'O', 'O', 'O', 'O', 'O', 'O']"
2,"['Aconcagua', 'is', 'the', 'highest', 'mountain', 'in', 'the', 'Americas', ',', 'located', 'in', 'the', 'Andes', 'mountain', 'range', 'in', 'Argentina', '.']","['B-MOUNTAIN', 'O', 'O', 'O', 'O', 'O', 'O', 'O', 'O', 'O', 'O', 'O', 'O', 'O', 'O', 'O', 'O', 'O']"
3,"['Many', 'adventure', 'enthusiasts', 'and', 'climbers', 'from', 'around', 'the', 'world', 'seek', 'to', 'conquer', 'the', 'challenging', 'summit', 'of', 'Aconcagua', '.']","['O', 'O', 'O', 'O', 'O', 'O', 'O', 'O', 'O', 'O', 'O', 'O', 'O', 'O', 'O', 'O', 'B-MOUNTAIN', 'O']"
4,"['Denali', 'is', 'the', 'highest', 'mountain', 'peak', 'in', 'North', 'America', ',', 'located', 'in', 'Alaska', '.']","['B-MOUNTAIN', 'O', 'O', 'O', 'O', 'O', 'O', 'O', 'O', 'O', 'O', 'O', 'O', 'O']"
5,"['Many', 'visitors', 'come', 'to', 'Denali', 'National', 'Park', 'to', 'admire', 'the', 'stunning', 'scenery', 'and', 'abundant', 'wildlife', '.']","['O', 'O', 'O', 'O', 'B-MOUNTAIN', 'O', 'O', 'O', 'O', 'O', 'O', 'O', 'O', 'O', 'O', 'O']"
6,"['Mount', 'Kilimanjaro', 'is', 'the', 'highest', 'mountain', 'in', 'Africa', ',', 'standing', 'at', 'approximately', '19', ',', '341', 'feet', 'tall', '.']","['O', 'B-MOUNTAIN', 'O', 'O', 'O', 'O', 'O', 'O', 'O', 'O', 'O', 'O', 'O', 'O', 'O', 'O', 'O', 'O']"
7,"['Mount', 'Logan', 'is', 'the', 'highest', 'peak', 'in', 'Canada', ',', 'located', 'in', 'the', 'Yukon', 'Territory', '.']","['B-MOUNTAIN', 'I-MOUNTAIN', 'O', 'O', 'O', 'O', 'O', 'O', 'O', 'O', 'O', 'O', 'O', 'O', 'O']"
8,"['Standing', 'at', 'an', 'impressive', '5', ',', '959', 'meters', '19', ',', '551', 'feet', 'tall', ',', 'Mount', 'Logan', 'is', 'a', 'popular', 'destination', 'for', 'experienced', 'mountaineers', '.']","['O', 'O', 'O', 'O', 'O', 'O', 'O', 'O', 'O', 'O', 'O', 'O', 'O', 'O', 'B-MOUNTAIN', 'I-MOUNTAIN', 'O', 'O', 'O', 'O', 'O', 'O', 'O', 'O']"
9,"['Pico', 'de', 'Orizaba', ',', 'also', 'known', 'as', 'Citlaltépetl', ',', 'is', 'the', 'highest', 'peak', 'in', 'Mexico', '.']","['B-MOUNTAIN', 'I-MOUNTAIN', 'I-MOUNTAIN', 'O', 'O', 'O', 'O', 'O', 'O', 'O', 'O', 'O', 'O', 'O', 'O', 'O']"
10,"['Climbing', 'Pico', 'de', 'Orizaba', 'is', 'a', 'popular', 'challenge', 'for', 'mountain', 'climbers', 'due', 'to', 'its', 'impressive', 'elevation', '.']","['O', 'B-MOUNTAIN', 'I-MOUNTAIN', 'I-MOUNTAIN', 'O', 'O', 'O', 'O', 'O', 'O', 'O', 'O', 'O', 'O', 'O', 'O', 'O']"
11,"['Vinson', 'Massif', 'is', 'the', 'highest', 'mountain', 'in', 'Antarctica', ',', 'reaching', 'an', 'elevation', 'of', '4', ',', '892', 'meters', '.']","['B-MOUNTAIN', 'I-MOUNTAIN', 'O', 'O', 'O', 'O', 'O', 'O', 'O', 'O', 'O', 'O', 'O', 'O', 'O', 'O', 'O', 'O']"
12,"['Climbing', 'Vinson', 'Massif', 'is', 'a', 'challenging', 'and', 'rewarding', 'expedition', 'for', 'mountaineers', '.']","['O', 'B-MOUNTAIN', 'I-MOUNTAIN', 'O', 'O', 'O', 'O', 'O', 'O', 'O', 'O', 'O']"
13,"['Carstensz', 'Pyramid', ',', 'also', 'known', 'as', 'Puncak', 'Jaya', ',', 'is', 'the', 'highest', 'mountain', 'in', 'Oceania', '.']","['B-MOUNTAIN', 'I-MOUNTAIN', 'O', 'O', 'O', 'O', 'O', 'O', 'O', 'O', 'O', 'O', 'O', 'O', 'O', 'O']"
14,"['Climbing', 'Carstensz', 'Pyramid', 'is', 'a', 'challenging', 'expedition', 'that', 'attracts', 'experienced', 'mountaineers', 'from', 'around', 'the', 'world', '.']","['O', 'B-MOUNTAIN', 'I-MOUNTAIN', 'O', 'O', 'O', 'O', 'O', 'O', 'O', 'O', 'O', 'O', 'O', 'O', 'O']"
15,"['Mount', 'Elbrus', 'is', 'the', 'highest', 'peak', 'in', 'Europe', 'and', 'is', 'located', 'in', 'the', 'Caucasus', 'mountain', 'range', '.']","['O', 'B-MOUNTAIN', 'O', 'O', 'O', 'O', 'O', 'O', 'O', 'O', 'O', 'O', 'O', 'O', 'O', 'O', 'O']"
16,"['Climbing', 'Mount', 'Elbrus', 'is', 'a', 'popular', 'challenge', 'for', 'mountaineers', 'around', 'the', 'world', '.']","['O', 'O', 'B-MOUNTAIN', 'O', 'O', 'O', 'O', 'O', 'O', 'O', 'O', 'O', 'O']"
17,"['Mont', 'Blanc', 'is', 'the', 'tallest', 'mountain', 'in', 'the', 'Alps', ',', 'standing', 'at', 'an', 'impressive', '4', ',', '809', 'meters', '.']","['B-MOUNTAIN', 'I-MOUNTAIN', 'O', 'O', 'O', 'O', 'O', 'O', 'O', 'O', 'O', 'O', 'O', 'O', 'O', 'O', 'O', 'O', 'O']"
18,"['Many', 'outdoor', 'enthusiasts', 'dream', 'of', 'summiting', 'Mont', 'Blanc', 'one', 'day', '.']","['O', 'O', 'O', 'O', 'O', 'O', 'B-MOUNTAIN', 'I-MOUNTAIN', 'O', 'O', 'O']"
19,"['Mount', 'Damavand', 'is', 'the', 'highest', 'peak', 'in', 'Iran', ',', 'standing', 'at', 'an', 'elevation', 'of', '5', ',', '609', 'meters', '.']","['O', 'B-MOUNTAIN', 'O', 'O', 'O', 'O', 'O', 'O', 'O', 'O', 'O', 'O', 'O', 'O', 'O', 'O', 'O', 'O', 'O']"
20,"['Climbing', 'Mount', 'Damavand', 'is', 'a', 'popular', 'adventure', 'activity', 'for', 'hikers', 'and', 'mountaineers', 'seeking', 'a', 'challenging', 'experience', '.']","['O', 'O', 'B-MOUNTAIN', 'O', 'O', 'O', 'O', 'O', 'O', 'O', 'O', 'O', 'O', 'O', 'O', 'O', 'O']"
21,"['Klyuchevskaya', 'Sopka', 'is', 'the', 'highest', 'active', 'volcano', 'in', 'Eurasia', ',', 'located', 'on', 'the', 'Kamchatka', 'Peninsula', 'in', 'Russia', '.']","['B-MOUNTAIN', 'I-MOUNTAIN', 'O', 'O', 'O', 'O', 'O', 'O', 'O', 'O', 'O', 'O', 'O', 'O', 'O', 'O', 'O', 'O']"
22,"['Klyuchevskaya', 'Sopka', 'is', 'also', 'known', 'for', 'its', 'frequent', 'eruptions', 'and', 'stunning', 'natural', 'beauty', '.']","['B-MOUNTAIN', 'I-MOUNTAIN', 'O', 'O', 'O', 'O', 'O', 'O', 'O', 'O', 'O', 'O', 'O', 'O']"
23,"['Nanga', 'Parbat', ',', 'also', 'known', 'as', 'the', 'Killer', 'Mountain', ',', 'is', 'one', 'of', 'the', 'most', 'challenging', 'peaks', 'to', 'climb', 'in', 'the', 'world', '.']","['B-MOUNTAIN', 'I-MOUNTAIN', 'O', 'O', 'O', 'O', 'O', 'O', 'O', 'O', 'O', 'O', 'O', 'O', 'O', 'O', 'O', 'O', 'O', 'O', 'O', 'O', 'O']"
24,"['Located', 'in', 'the', 'western', 'Himalayas', 'of', 'Pakistan', ',', 'Nanga', 'Parbat', 'stands', 'at', 'an', 'elevation', 'of', '8', ',', '126', 'meters', '26', ',', '660', 'feet', '.']","['O', 'O', 'O', 'O', 'O', 'O', 'O', 'O', 'B-MOUNTAIN', 'I-MOUNTAIN', 'O', 'O', 'O', 'O', 'O', 'O', 'O', 'O', 'O', 'O', 'O', 'O', 'O', 'O']"
25,"['Mauna', 'Kea', 'is', 'the', 'tallest', 'mountain', 'in', 'Hawaii', ',', 'reaching', 'an', 'elevation', 'of', 'over', '13', ',', '000', 'feet', '.']","['B-MOUNTAIN', 'I-MOUNTAIN', 'O', 'O', 'O', 'O', 'O', 'O', 'O', 'O', 'O', 'O', 'O', 'O', 'O', 'O', 'O', 'O', 'O']"
26,"['Mauna', 'Kea', 'is', 'also', 'a', 'sacred', 'site', 'to', 'the', 'native', 'Hawaiian', 'people', '.']","['B-MOUNTAIN', 'I-MOUNTAIN', 'O', 'O', 'O', 'O', 'O', 'O', 'O', 'O', 'O', 'O', 'O']"
27,"['One', 'of', 'the', 'characters', 'in', 'the', 'popular', 'game', 'Pik', 'Pobeda', 'Adventures', 'is', 'named', 'Pik', 'Pobeda', ',', 'a', 'brave', 'warrior', 'who', 'embarks', 'on', 'exciting', 'quests', '.']","['O', 'O', 'O', 'O', 'O', 'O', 'O', 'O', 'B-MOUNTAIN', 'I-MOUNTAIN', 'O', 'O', 'O', 'B-MOUNTAIN', 'I-MOUNTAIN', 'O', 'O', 'O', 'O', 'O', 'O', 'O', 'O', 'O', 'O']"
28,"['Fans', 'of', 'the', 'game', 'often', 'refer', 'to', 'Pik', 'Pobeda', 'as', 'their', 'favorite', 'character', 'due', 'to', 'his', 'fearless', 'attitude', 'and', 'impressive', 'combat', 'skills', '.']","['O', 'O', 'O', 'O', 'O', 'O', 'O', 'B-MOUNTAIN', 'I-MOUNTAIN', 'O', 'O', 'O', 'O', 'O', 'O', 'O', 'O', 'O', 'O', 'O', 'O', 'O', 'O']"
29,"['Volcan', 'Chimborazo', 'is', 'the', 'highest', 'peak', 'in', 'Ecuador', ',', 'reaching', 'an', 'elevation', 'of', 'over', '20', ',', '500', 'feet', '.']","['B-MOUNTAIN', 'I-MOUNTAIN', 'O', 'O', 'O', 'O', 'O', 'O', 'O', 'O', 'O', 'O', 'O', 'O', 'O', 'O', 'O', 'O', 'O']"
30,"['Climbing', 'Volcan', 'Chimborazo', 'is', 'a', 'popular', 'challenge', 'for', 'experienced', 'mountaineers', 'due', 'to', 'its', 'technical', 'terrain', 'and', 'extreme', 'weather', 'conditions', '.']","['O', 'B-MOUNTAIN', 'I-MOUNTAIN', 'O', 'O', 'O', 'O', 'O', 'O', 'O', 'O', 'O', 'O', 'O', 'O', 'O', 'O', 'O', 'O', 'O']"
31,"['Bogda', 'Feng', 'is', 'an', 'experienced', 'software', 'developer', 'known', 'for', 'their', 'innovative', 'solutions', '.']","['B-MOUNTAIN', 'I-MOUNTAIN', 'O', 'O', 'O', 'O', 'O', 'O', 'O', 'O', 'O', 'O', 'O']"
32,"['I', 'recommend', 'reaching', 'out', 'to', 'Bogda', 'Feng', 'for', 'expert', 'advice', 'on', 'your', 'coding', 'project', '.']","['O', 'O', 'O', 'O', 'O', 'B-MOUNTAIN', 'I-MOUNTAIN', 'O', 'O', 'O', 'O', 'O', 'O', 'O', 'O']"
33,"['Namcha', 'Barwa', 'is', 'a', 'majestic', 'mountain', 'peak', 'located', 'in', 'the', 'eastern', 'Himalayas', '.']","['B-MOUNTAIN', 'I-MOUNTAIN', 'O', 'O', 'O', 'O', 'O', 'O', 'O', 'O', 'O', 'O', 'O']"
34,"['Mount', 'Kinabalu', 'in', 'Sabah', ',', 'Malaysia', ',', 'is', 'known', 'for', 'its', 'stunning', 'natural', 'beauty', 'and', 'challenging', 'hiking', 'trails', '.']","['O', 'B-MOUNTAIN', 'O', 'O', 'O', 'O', 'O', 'O', 'O', 'O', 'O', 'O', 'O', 'O', 'O', 'O', 'O', 'O', 'O']"
35,"['Many', 'adventure', 'enthusiasts', 'from', 'around', 'the', 'world', 'dream', 'of', 'conquering', 'the', 'majestic', 'peak', 'of', 'Mount', 'Kinabalu', '.']","['O', 'O', 'O', 'O', 'O', 'O', 'O', 'O', 'O', 'O', 'O', 'O', 'O', 'O', 'O', 'B-MOUNTAIN', 'O']"
36,"['Mount', 'Rainier', 'is', 'the', 'highest', 'mountain', 'in', 'the', 'state', 'of', 'Washington', '.']","['B-MOUNTAIN', 'I-MOUNTAIN', 'O', 'O', 'O', 'O', 'O', 'O', 'O', 'O', 'O', 'O']"
37,"['Many', 'hikers', 'and', 'outdoor', 'enthusiasts', 'are', 'drawn', 'to', 'Mount', 'Rainier', 'National', 'Park', 'to', 'explore', 'its', 'beauty', 'and', 'diverse', 'terrain', '.']","['O', 'O', 'O', 'O', 'O', 'O', 'O', 'O', 'B-MOUNTAIN', 'I-MOUNTAIN', 'O', 'O', 'O', 'O', 'O', 'O', 'O', 'O', 'O', 'O']"
38,"['K2', ',', 'also', 'known', 'as', 'Mount', 'Godwin-Austen', ',', 'is', 'the', 'second-highest', 'mountain', 'in', 'the', 'world', '.']","['B-MOUNTAIN', 'O', 'O', 'O', 'O', 'O', 'O', 'O', 'O', 'O', 'O', 'O', 'O', 'O', 'O', 'O']"
39,"['Ras', 'Dashen', 'is', 'the', 'highest', 'peak', 'in', 'Ethiopia', ',', 'standing', 'at', 'an', 'elevation', 'of', '4', ',', '550', 'meters', '.']","['B-MOUNTAIN', 'I-MOUNTAIN', 'O', 'O', 'O', 'O', 'O', 'O', 'O', 'O', 'O', 'O', 'O', 'O', 'O', 'O', 'O', 'O', 'O']"
40,"['Many', 'adventurers', 'and', 'hikers', 'are', 'drawn', 'to', 'Ras', 'Dashen', 'for', 'its', 'challenging', 'trails', 'and', 'breathtaking', 'views', '.']","['O', 'O', 'O', 'O', 'O', 'O', 'O', 'B-MOUNTAIN', 'I-MOUNTAIN', 'O', 'O', 'O', 'O', 'O', 'O', 'O', 'O']"
41,"['Volcan', 'Tajumulco', 'is', 'the', 'highest', 'peak', 'in', 'Guatemala', ',', 'standing', 'at', 'an', 'impressive', '4', ',', '220', 'meters', 'above', 'sea', 'level', '.']","['B-MOUNTAIN', 'I-MOUNTAIN', 'O', 'O', 'O', 'O', 'O', 'O', 'O', 'O', 'O', 'O', 'O', 'O', 'O', 'O', 'O', 'O', 'O', 'O', 'O']"
42,"['Many', 'adventurous', 'hikers', 'are', 'drawn', 'to', 'the', 'challenge', 'of', 'climbing', 'Volcan', 'Tajumulco', 'for', 'its', 'breathtaking', 'views', 'of', 'the', 'surrounding', 'landscape', '.']","['O', 'O', 'O', 'O', 'O', 'O', 'O', 'O', 'O', 'O', 'B-MOUNTAIN', 'I-MOUNTAIN', 'O', 'O', 'O', 'O', 'O', 'O', 'O', 'O', 'O']"
43,"['Pico', 'Bolívar', 'is', 'the', 'highest', 'mountain', 'in', 'Venezuela', ',', 'standing', 'at', 'an', 'elevation', 'of', '4', ',', '978', 'meters', '.']","['B-MOUNTAIN', 'I-MOUNTAIN', 'O', 'O', 'O', 'O', 'O', 'O', 'O', 'O', 'O', 'O', 'O', 'O', 'O', 'O', 'O', 'O', 'O']"
44,"['Many', 'travelers', 'enjoy', 'hiking', 'and', 'climbing', 'Pico', 'Bolívar', 'for', 'its', 'breathtaking', 'views', 'of', 'the', 'surrounding', 'landscape', '.']","['O', 'O', 'O', 'O', 'O', 'O', 'B-MOUNTAIN', 'I-MOUNTAIN', 'O', 'O', 'O', 'O', 'O', 'O', 'O', 'O', 'O']"
45,"['Mount', 'Fairweather', 'is', 'a', 'majestic', 'peak', 'located', 'on', 'the', 'border', 'between', 'Alaska', 'and', 'British', 'Columbia', 'in', 'North', 'America', '.']","['B-MOUNTAIN', 'I-MOUNTAIN', 'O', 'O', 'O', 'O', 'O', 'O', 'O', 'O', 'O', 'O', 'O', 'O', 'O', 'O', 'O', 'O', 'O']"
46,"['Standing', 'at', 'over', '15', ',', '000', 'feet', 'tall', ',', 'Mount', 'Fairweather', 'is', 'known', 'for', 'its', 'rugged', 'beauty', 'and', 'challenging', 'climbing', 'conditions', '.']","['O', 'O', 'O', 'O', 'O', 'O', 'O', 'O', 'O', 'B-MOUNTAIN', 'I-MOUNTAIN', 'O', 'O', 'O', 'O', 'O', 'O', 'O', 'O', 'O', 'O', 'O']"
47,"['Yushan', 'is', 'the', 'highest', 'mountain', 'in', 'Taiwan', '.']","['B-MOUNTAIN', 'O', 'O', 'O', 'O', 'O', 'O', 'O']"
48,"['Many', 'outdoor', 'enthusiasts', 'enjoy', 'hiking', 'to', 'the', 'summit', 'of', 'Yushan', 'for', 'its', 'breathtaking', 'views', '.']","['O', 'O', 'O', 'O', 'O', 'O', 'O', 'O', 'O', 'B-MOUNTAIN', 'O', 'O', 'O', 'O', 'O']"
49,"['Mount', 'Stanley', 'is', 'the', 'highest', 'mountain', 'in', 'both', 'the', 'Democratic', 'Republic', 'of', 'the', 'Congo', 'and', 'Uganda', '.']","['B-MOUNTAIN', 'I-MOUNTAIN', 'O', 'O', 'O', 'O', 'O', 'O', 'O', 'O', 'O', 'O', 'O', 'O', 'O', 'O', 'O']"
50,"['Kangchenjunga', 'is', 'the', 'third', 'highest', 'mountain', 'in', 'the', 'world', ',', 'located', 'in', 'the', 'Great', 'Himalayas', 'of', 'Nepal', 'and', 'India', '.']","['B-MOUNTAIN', 'O', 'O', 'O', 'O', 'O', 'O', 'O', 'O', 'O', 'O', 'O', 'O', 'O', 'O', 'O', 'O', 'O', 'O', 'O']"
51,"['Climbing', 'Kangchenjunga', 'is', 'considered', 'one', 'of', 'the', 'most', 'difficult', 'and', 'challenging', 'mountaineering', 'feats', 'due', 'to', 'its', 'height', 'and', 'technical', 'challenges', '.']","['O', 'B-MOUNTAIN', 'O', 'O', 'O', 'O', 'O', 'O', 'O', 'O', 'O', 'O', 'O', 'O', 'O', 'O', 'O', 'O', 'O', 'O', 'O']"
52,"['Tirich', 'Mir', 'is', 'the', 'highest', 'mountain', 'in', 'the', 'Hindu', 'Kush', 'range', ',', 'standing', 'at', 'an', 'elevation', 'of', '7', ',', '708', 'meters', '.']","['B-MOUNTAIN', 'I-MOUNTAIN', 'O', 'O', 'O', 'O', 'O', 'O', 'O', 'O', 'O', 'O', 'O', 'O', 'O', 'O', 'O', 'O', 'O', 'O', 'O', 'O']"
53,"['Many', 'adventurers', 'seek', 'to', 'conquer', 'the', 'summit', 'of', 'Tirich', 'Mir', 'for', 'its', 'challenging', 'yet', 'breathtaking', 'terrain', '.']","['O', 'O', 'O', 'O', 'O', 'O', 'O', 'O', 'B-MOUNTAIN', 'I-MOUNTAIN', 'O', 'O', 'O', 'O', 'O', 'O', 'O']"
54,"['Mount', 'Cameroon', 'is', 'an', 'active', 'volcano', 'located', 'in', 'Southwest', 'Cameroon', ',', 'Africa', '.']","['B-MOUNTAIN', 'I-MOUNTAIN', 'O', 'O', 'O', 'O', 'O', 'O', 'O', 'O', 'O', 'O', 'O']"
55,"['Standing', 'at', '13', ',', '435', 'feet', 'tall', ',', 'Mount', 'Cameroon', 'is', 'the', 'highest', 'peak', 'in', 'the', 'country', '.']","['O', 'O', 'O', 'O', 'O', 'O', 'O', 'O', 'B-MOUNTAIN', 'I-MOUNTAIN', 'O', 'O', 'O', 'O', 'O', 'O', 'O', 'O']"
56,"['Mount', 'Kenya', 'is', 'the', 'highest', 'mountain', 'in', 'Kenya', ',', 'reaching', 'an', 'elevation', 'of', '5', ',', '199', 'meters', '17', ',', '057', 'feet', 'above', 'sea', 'level', '.']","['B-MOUNTAIN', 'I-MOUNTAIN', 'O', 'O', 'O', 'O', 'O', 'O', 'O', 'O', 'O', 'O', 'O', 'O', 'O', 'O', 'O', 'O', 'O', 'O', 'O', 'O', 'O', 'O', 'O']"
57,"['Climbing', 'Mount', 'Kenya', 'is', 'a', 'popular', 'outdoor', 'activity', 'for', 'adventure', 'enthusiasts', 'and', 'nature', 'lovers', '.']","['O', 'B-MOUNTAIN', 'I-MOUNTAIN', 'O', 'O', 'O', 'O', 'O', 'O', 'O', 'O', 'O', 'O', 'O', 'O']"
58,"['Gunung', 'Kerinci', 'is', 'the', 'highest', 'mountain', 'in', 'Indonesia', ',', 'standing', 'at', 'an', 'elevation', 'of', '3', ',', '805', 'meters', '.']","['B-MOUNTAIN', 'I-MOUNTAIN', 'O', 'O', 'O', 'O', 'O', 'O', 'O', 'O', 'O', 'O', 'O', 'O', 'O', 'O', 'O', 'O', 'O']"
59,"['Climbing', 'Gunung', 'Kerinci', 'is', 'a', 'popular', 'activity', 'for', 'outdoor', 'enthusiasts', 'seeking', 'breathtaking', 'views', 'of', 'the', 'surrounding', 'landscapes', '.']","['O', 'B-MOUNTAIN', 'I-MOUNTAIN', 'O', 'O', 'O', 'O', 'O', 'O', 'O', 'O', 'O', 'O', 'O', 'O', 'O', 'O', 'O']"
60,"['Mount', 'Erebus', 'is', 'an', 'active', 'volcano', 'located', 'on', 'Ross', 'Island', 'in', 'Antarctica', '.']","['B-MOUNTAIN', 'I-MOUNTAIN', 'O', 'O', 'O', 'O', 'O', 'O', 'O', 'O', 'O', 'O', 'O']"
61,"['Mount', 'Fuji', ',', 'known', 'as', 'Fuji-san', 'in', 'Japanese', ',', 'is', 'an', 'iconic', 'symbol', 'of', ""Japan's"", 'natural', 'beauty', '.']","['O', 'O', 'O', 'O', 'O', 'B-MOUNTAIN', 'O', 'O', 'O', 'O', 'O', 'O', 'O', 'O', 'O', 'O', 'O', 'O']"
62,"['Jebel', 'Toubkal', 'is', 'the', 'highest', 'peak', 'in', 'the', 'Atlas', 'Mountains', 'of', 'Morocco', '.']","['B-MOUNTAIN', 'I-MOUNTAIN', 'O', 'O', 'O', 'O', 'O', 'O', 'O', 'O', 'O', 'O', 'O']"
63,"['Climbing', 'Jebel', 'Toubkal', 'is', 'a', 'popular', 'activity', 'for', 'trekkers', 'and', 'mountaineers', 'seeking', 'a', 'challenging', 'adventure', '.']","['O', 'B-MOUNTAIN', 'I-MOUNTAIN', 'O', 'O', 'O', 'O', 'O', 'O', 'O', 'O', 'O', 'O', 'O', 'O', 'O']"
64,"['Cerro', 'Chirripo', 'is', 'the', 'highest', 'mountain', 'in', 'Costa', 'Rica', ',', 'standing', 'at', 'an', 'impressive', '3', ',', '820', 'meters', 'tall', '.']","['B-MOUNTAIN', 'I-MOUNTAIN', 'O', 'O', 'O', 'O', 'O', 'O', 'O', 'O', 'O', 'O', 'O', 'O', 'O', 'O', 'O', 'O', 'O', 'O']"
65,"['Many', 'adventurous', 'hikers', 'tackle', 'the', 'challenging', 'trek', 'to', 'the', 'summit', 'of', 'Cerro', 'Chirripo', 'for', 'its', 'breathtaking', 'views', '.']","['O', 'O', 'O', 'O', 'O', 'O', 'O', 'O', 'O', 'O', 'O', 'B-MOUNTAIN', 'I-MOUNTAIN', 'O', 'O', 'O', 'O', 'O']"
66,"['At', '3', ',', '726', 'meters', '12', ',', '224', 'feet', 'tall', ',', 'Gunung', 'Rinjani', 'is', 'the', 'second-highest', 'volcano', 'in', 'Indonesia', '.']","['O', 'O', 'O', 'O', 'O', 'O', 'O', 'O', 'O', 'O', 'O', 'B-MOUNTAIN', 'I-MOUNTAIN', 'O', 'O', 'O', 'O', 'O', 'O', 'O']"
67,"['Mount', 'Cook', ',', 'also', 'known', 'as', 'Aoraki', 'in', 'Maori', ',', 'is', 'the', 'highest', 'mountain', 'in', 'New', 'Zealand', '.']","['B-MOUNTAIN', 'I-MOUNTAIN', 'O', 'O', 'O', 'O', 'O', 'O', 'O', 'O', 'O', 'O', 'O', 'O', 'O', 'O', 'O', 'O']"
68,"['Many', 'climbers', 'from', 'around', 'the', 'world', 'attempt', 'to', 'summit', 'Mount', 'Cook', 'each', 'year', '.']","['O', 'O', 'O', 'O', 'O', 'O', 'O', 'O', 'O', 'B-MOUNTAIN', 'I-MOUNTAIN', 'O', 'O', 'O']"
69,"['Pico', 'de', 'Teide', 'is', 'the', 'highest', 'peak', 'in', 'Spain', ',', 'located', 'on', 'the', 'island', 'of', 'Tenerife', 'in', 'the', 'Canary', 'Islands', '.']","['B-MOUNTAIN', 'I-MOUNTAIN', 'I-MOUNTAIN', 'O', 'O', 'O', 'O', 'O', 'O', 'O', 'O', 'O', 'O', 'O', 'O', 'O', 'O', 'O', 'O', 'O', 'O']"
70,"['The', 'stunning', 'views', 'from', 'Pico', 'de', 'Teide', 'attract', 'visitors', 'from', 'around', 'the', 'world', '.']","['O', 'O', 'O', 'O', 'B-MOUNTAIN', 'I-MOUNTAIN', 'I-MOUNTAIN', 'O', 'O', 'O', 'O', 'O', 'O', 'O']"
71,"['Mount', 'Boising', 'is', 'a', 'stunning', 'peak', 'located', 'in', 'the', 'coastal', 'range', 'of', 'Papua', 'New', 'Guinea', '.']","['B-MOUNTAIN', 'I-MOUNTAIN', 'O', 'O', 'O', 'O', 'O', 'O', 'O', 'O', 'O', 'O', 'O', 'O', 'O', 'O']"
72,"['The', 'lush', 'vegetation', 'surrounding', 'Mount', 'Boising', 'makes', 'it', 'a', 'popular', 'destination', 'for', 'hikers', 'and', 'nature', 'enthusiasts', '.']","['O', 'O', 'O', 'O', 'B-MOUNTAIN', 'I-MOUNTAIN', 'O', 'O', 'O', 'O', 'O', 'O', 'O', 'O', 'O', 'O', 'O']"
73,"['Cerro', 'San', 'Valentín', 'is', 'the', 'highest', 'peak', 'in', 'the', 'Patagonian', 'Andes', '.']","['B-MOUNTAIN', 'I-MOUNTAIN', 'I-MOUNTAIN', 'O', 'O', 'O', 'O', 'O', 'O', 'O', 'O', 'O']"
74,"['Many', 'hikers', 'visit', 'Cerro', 'San', 'Valentín', 'for', 'its', 'stunning', 'views', 'and', 'challenging', 'terrain', '.']","['O', 'O', 'O', 'B-MOUNTAIN', 'I-MOUNTAIN', 'I-MOUNTAIN', 'O', 'O', 'O', 'O', 'O', 'O', 'O', 'O']"
75,"['Gunnbjørn', 'Fjeld', 'is', 'the', 'highest', 'mountain', 'in', 'Greenland', ',', 'standing', 'at', '3', ',', '694', 'meters', 'tall', '.']","['B-MOUNTAIN', 'I-MOUNTAIN', 'O', 'O', 'O', 'O', 'O', 'O', 'O', 'O', 'O', 'O', 'O', 'O', 'O', 'O', 'O']"
76,"['Ojos', 'del', 'Salado', 'is', 'the', 'highest', 'volcano', 'in', 'the', 'world', ',', 'located', 'on', 'the', 'border', 'between', 'Chile', 'and', 'Argentina', '.']","['B-MOUNTAIN', 'I-MOUNTAIN', 'I-MOUNTAIN', 'O', 'O', 'O', 'O', 'O', 'O', 'O', 'O', 'O', 'O', 'O', 'O', 'O', 'O', 'O', 'O', 'O']"
77,"['Climbing', 'Ojos', 'del', 'Salado', 'is', 'a', 'challenging', 'but', 'rewarding', 'experience', 'for', 'adventurers', 'seeking', 'to', 'conquer', 'its', 'summit', '.']","['O', 'B-MOUNTAIN', 'I-MOUNTAIN', 'I-MOUNTAIN', 'O', 'O', 'O', 'O', 'O', 'O', 'O', 'O', 'O', 'O', 'O', 'O', 'O', 'O']"
78,"['Gunung', 'Semeru', ',', 'also', 'known', 'as', 'Mount', 'Semeru', ',', 'is', 'the', 'highest', 'volcano', 'on', 'the', 'island', 'of', 'Java', ',', 'Indonesia', '.']","['B-MOUNTAIN', 'I-MOUNTAIN', 'O', 'O', 'O', 'O', 'O', 'O', 'O', 'O', 'O', 'O', 'O', 'O', 'O', 'O', 'O', 'O', 'O', 'O', 'O']"
79,"['Climbing', 'Gunung', 'Semeru', 'is', 'a', 'popular', 'activity', 'for', 'adventurous', 'hikers', 'seeking', 'stunning', 'views', 'from', 'its', 'summit', '.']","['O', 'B-MOUNTAIN', 'I-MOUNTAIN', 'O', 'O', 'O', 'O', 'O', 'O', 'O', 'O', 'O', 'O', 'O', 'O', 'O', 'O']"
80,"['Ritacuba', 'Blanco', 'is', 'a', 'majestic', 'peak', 'located', 'in', 'the', 'Cordillera', 'Oriental', 'range', 'of', 'the', 'Colombian', 'Andes', '.']","['B-MOUNTAIN', 'I-MOUNTAIN', 'O', 'O', 'O', 'O', 'O', 'O', 'O', 'O', 'O', 'O', 'O', 'O', 'O', 'O', 'O']"
81,"['Climbing', 'Ritacuba', 'Blanco', 'is', 'a', 'challenging', 'yet', 'rewarding', 'experience', 'for', 'mountaineers', 'and', 'outdoor', 'enthusiasts', '.']","['O', 'B-MOUNTAIN', 'I-MOUNTAIN', 'O', 'O', 'O', 'O', 'O', 'O', 'O', 'O', 'O', 'O', 'O', 'O']"
82,"['Gongga', 'Shan', ',', 'also', 'known', 'as', 'Minya', 'Konka', ',', 'is', 'the', 'highest', 'mountain', 'in', 'Sichuan', 'Province', ',', 'China', '.']","['B-MOUNTAIN', 'I-MOUNTAIN', 'O', 'O', 'O', 'O', 'O', 'O', 'O', 'O', 'O', 'O', 'O', 'O', 'O', 'O', 'O', 'O', 'O']"
83,"['Gongga', 'Shan', 'is', 'a', 'popular', 'destination', 'for', 'trekking', 'and', 'mountaineering', 'enthusiasts', '.']","['B-MOUNTAIN', 'I-MOUNTAIN', 'O', 'O', 'O', 'O', 'O', 'O', 'O', 'O', 'O', 'O']"
84,"['Mount', 'Ararat', 'is', 'known', 'as', 'the', 'highest', 'peak', 'in', 'Turkey', ',', 'standing', 'at', 'over', '16', ',', '000', 'feet', '.']","['B-MOUNTAIN', 'I-MOUNTAIN', 'O', 'O', 'O', 'O', 'O', 'O', 'O', 'O', 'O', 'O', 'O', 'O', 'O', 'O', 'O', 'O', 'O']"
85,"['Kongur', 'Tagh', ',', 'also', 'known', 'as', 'Kongur', 'Shan', ',', 'is', 'the', 'highest', 'peak', 'in', 'the', 'Kongur', 'range', 'of', 'the', 'Pamir', 'Mountains', ',', 'located', 'in', 'western', 'China', '.']","['B-MOUNTAIN', 'I-MOUNTAIN', 'O', 'O', 'O', 'O', 'O', 'O', 'O', 'O', 'O', 'O', 'O', 'O', 'O', 'O', 'O', 'O', 'O', 'O', 'O', 'O', 'O', 'O', 'O', 'O', 'O']"
86,"['Climbers', 'and', 'hikers', 'from', 'around', 'the', 'world', 'are', 'drawn', 'to', 'Kongur', 'Tagh', 'for', 'its', 'stunning', 'beauty', 'and', 'challenging', 'terrain', '.']","['O', 'O', 'O', 'O', 'O', 'O', 'O', 'O', 'O', 'O', 'B-MOUNTAIN', 'I-MOUNTAIN', 'O', 'O', 'O', 'O', 'O', 'O', 'O', 'O']"
87,"['Mount', 'Blackburn', 'is', 'the', 'fifth', 'highest', 'peak', 'in', 'the', 'United', 'States', 'and', 'is', 'located', 'in', 'Wrangell-St', '.', 'Elias', 'National', 'Park', 'in', 'Alaska', '.']","['B-MOUNTAIN', 'I-MOUNTAIN', 'O', 'O', 'O', 'O', 'O', 'O', 'O', 'O', 'O', 'O', 'O', 'O', 'O', 'O', 'O', 'O', 'O', 'O', 'O', 'O', 'O']"
88,"['Climbing', 'Mount', 'Blackburn', 'is', 'considered', 'a', 'challenging', 'and', 'rewarding', 'experience', 'for', 'experienced', 'mountaineers', '.']","['O', 'B-MOUNTAIN', 'I-MOUNTAIN', 'O', 'O', 'O', 'O', 'O', 'O', 'O', 'O', 'O', 'O', 'O']"
89,"['Mount', 'Hayes', 'is', 'a', 'prominent', 'peak', 'located', 'in', 'the', 'eastern', 'Alaska', 'Range', 'in', 'Alaska', ',', 'United', 'States', '.']","['B-MOUNTAIN', 'I-MOUNTAIN', 'O', 'O', 'O', 'O', 'O', 'O', 'O', 'O', 'O', 'O', 'O', 'O', 'O', 'O', 'O', 'O']"
90,"['The', 'majestic', 'Mount', 'Hayes', 'stands', 'at', 'an', 'elevation', 'of', '13', ',', '832', 'feet', ',', 'making', 'it', 'one', 'of', 'the', 'tallest', 'mountains', 'in', 'Alaska', '.']","['O', 'O', 'B-MOUNTAIN', 'I-MOUNTAIN', 'O', 'O', 'O', 'O', 'O', 'O', 'O', 'O', 'O', 'O', 'O', 'O', 'O', 'O', 'O', 'O', 'O', 'O', 'O', 'O']"
91,"['Gunung', 'Rantemario', 'is', 'the', 'tallest', 'mountain', 'on', 'the', 'island', 'of', 'Sulawesi', 'in', 'Indonesia', '.']","['B-MOUNTAIN', 'I-MOUNTAIN', 'O', 'O', 'O', 'O', 'O', 'O', 'O', 'O', 'O', 'O', 'O', 'O']"
92,"['Climbing', 'Gunung', 'Rantemario', 'offers', 'stunning', 'views', 'of', 'the', 'surrounding', 'lush', 'rainforest', 'and', 'unique', 'flora', 'and', 'fauna', '.']","['O', 'B-MOUNTAIN', 'I-MOUNTAIN', 'O', 'O', 'O', 'O', 'O', 'O', 'O', 'O', 'O', 'O', 'O', 'O', 'O', 'O']"
93,"['Mount', 'Saint', 'Elias', 'is', 'located', 'on', 'the', 'border', 'between', 'Alaska', 'and', 'the', 'Yukon', 'Territory', 'in', 'Canada', '.']","['B-MOUNTAIN', 'I-MOUNTAIN', 'I-MOUNTAIN', 'O', 'O', 'O', 'O', 'O', 'O', 'O', 'O', 'O', 'O', 'O', 'O', 'O', 'O']"
94,"['Pik', 'Ismail', 'Samani', 'was', 'a', 'prominent', 'Tajikistani', 'politician', 'and', 'served', 'as', 'the', 'President', 'of', 'Tajikistan', 'from', '1991', 'to', '1992', '.']","['B-MOUNTAIN', 'I-MOUNTAIN', 'I-MOUNTAIN', 'O', 'O', 'O', 'O', 'O', 'O', 'O', 'O', 'O', 'O', 'O', 'O', 'O', 'O', 'O', 'O', 'O']"
95,"['During', 'his', 'presidency', ',', 'Pik', 'Ismail', 'Samani', 'played', 'a', 'crucial', 'role', 'in', 'the', 'establishment', 'of', ""Tajikistan's"", 'independence', 'after', 'the', 'dissolution', 'of', 'the', 'Soviet', 'Union', '.']","['O', 'O', 'O', 'O', 'B-MOUNTAIN', 'I-MOUNTAIN', 'I-MOUNTAIN', 'O', 'O', 'O', 'O', 'O', 'O', 'O', 'O', 'O', 'O', 'O', 'O', 'O', 'O', 'O', 'O', 'O', 'O']"
96,"['Dhaulagiri', 'is', 'the', 'seventh', 'highest', 'mountain', 'in', 'the', 'world', ',', 'located', 'in', 'the', 'Himalayas', 'of', 'Nepal', '.']","['B-MOUNTAIN', 'O', 'O', 'O', 'O', 'O', 'O', 'O', 'O', 'O', 'O', 'O', 'O', 'O', 'O', 'O', 'O']"
97,"['Mount', 'Etna', ',', 'located', 'in', 'Sicily', ',', 'is', 'one', 'of', 'the', 'most', 'active', 'volcanoes', 'in', 'Europe', '.']","['O', 'B-MOUNTAIN', 'O', 'O', 'O', 'O', 'O', 'O', 'O', 'O', 'O', 'O', 'O', 'O', 'O', 'O', 'O']"
98,"['Cerro', 'Mercedario', 'is', 'the', 'highest', 'peak', 'in', 'the', 'Cordillera', 'de', 'la', 'Ramada', 'mountain', 'range', 'in', 'Argentina', '.']","['B-MOUNTAIN', 'I-MOUNTAIN', 'O', 'O', 'O', 'O', 'O', 'O', 'O', 'O', 'O', 'O', 'O', 'O', 'O', 'O', 'O']"
99,"['Climbing', 'Cerro', 'Mercedario', 'is', 'a', 'popular', 'endeavor', 'for', 'mountaineers', 'seeking', 'a', 'challenging', 'ascent', 'in', 'the', 'Andes', '.']","['O', 'B-MOUNTAIN', 'I-MOUNTAIN', 'O', 'O', 'O', 'O', 'O', 'O', 'O', 'O', 'O', 'O', 'O', 'O', 'O', 'O']"
100,"['Gora', 'Belukha', 'is', 'the', 'highest', 'mountain', 'in', 'the', 'Altai', 'Mountains', 'of', 'Russia', '.']","['B-MOUNTAIN', 'I-MOUNTAIN', 'O', 'O', 'O', 'O', 'O', 'O', 'O', 'O', 'O', 'O', 'O']"
101,"['Many', 'hikers', 'and', 'mountaineers', 'are', 'drawn', 'to', 'Gora', 'Belukha', 'for', 'its', 'challenging', 'terrain', 'and', 'stunning', 'views', '.']","['O', 'O', 'O', 'O', 'O', 'O', 'O', 'B-MOUNTAIN', 'I-MOUNTAIN', 'O', 'O', 'O', 'O', 'O', 'O', 'O', 'O']"
102,"['Jabal', 'an', 'Nabi', ""Shu'ayb"", 'is', 'a', 'mountain', 'in', 'Jordan', 'that', 'is', 'believed', 'to', 'be', 'the', 'burial', 'place', 'of', 'the', 'Prophet', ""Shu'ayb"", '.']","['B-MOUNTAIN', 'I-MOUNTAIN', 'I-MOUNTAIN', 'I-MOUNTAIN', 'O', 'O', 'O', 'O', 'O', 'O', 'O', 'O', 'O', 'O', 'O', 'O', 'O', 'O', 'O', 'O', 'O', 'O']"
103,"['Monte', 'San', 'Lorenzo', ',', 'also', 'known', 'as', 'Mount', 'San', 'Lorenzo', ',', 'is', 'a', 'prominent', 'peak', 'located', 'in', 'the', 'Andes', 'mountain', 'range', 'on', 'the', 'border', 'between', 'Argentina', 'and', 'Chile', '.']","['B-MOUNTAIN', 'I-MOUNTAIN', 'I-MOUNTAIN', 'O', 'O', 'O', 'O', 'O', 'O', 'O', 'O', 'O', 'O', 'O', 'O', 'O', 'O', 'O', 'O', 'O', 'O', 'O', 'O', 'O', 'O', 'O', 'O', 'O', 'O']"
104,"['Standing', 'at', 'over', '3', ',', '700', 'meters', 'tall', ',', 'Monte', 'San', 'Lorenzo', 'is', 'a', 'popular', 'destination', 'for', 'mountaineers', 'and', 'climbers', 'seeking', 'a', 'challenging', 'ascent', '.']","['O', 'O', 'O', 'O', 'O', 'O', 'O', 'O', 'O', 'B-MOUNTAIN', 'I-MOUNTAIN', 'I-MOUNTAIN', 'O', 'O', 'O', 'O', 'O', 'O', 'O', 'O', 'O', 'O', 'O', 'O', 'O']"
105,"['Volcan', 'Karisimbi', 'is', 'an', 'active', 'stratovolcano', 'located', 'in', 'the', 'Virunga', 'Mountains', '.']","['B-MOUNTAIN', 'I-MOUNTAIN', 'O', 'O', 'O', 'O', 'O', 'O', 'O', 'O', 'O', 'O']"
106,"['Volcan', 'Lautaro', 'is', 'an', 'active', 'volcano', 'located', 'in', 'Chile', '.']","['B-MOUNTAIN', 'I-MOUNTAIN', 'O', 'O', 'O', 'O', 'O', 'O', 'O', 'O']"
107,"['Volcan', 'Lautaro', 'is', 'known', 'for', 'its', 'frequent', 'eruptions', 'and', 'stunning', 'natural', 'beauty', '.']","['B-MOUNTAIN', 'I-MOUNTAIN', 'O', 'O', 'O', 'O', 'O', 'O', 'O', 'O', 'O', 'O', 'O']"
108,"['Mulhacén', 'is', 'the', 'highest', 'peak', 'in', 'the', 'Iberian', 'Peninsula', ',', 'located', 'in', 'the', 'Sierra', 'Nevada', 'mountain', 'range', 'in', 'Spain', '.']","['B-MOUNTAIN', 'O', 'O', 'O', 'O', 'O', 'O', 'O', 'O', 'O', 'O', 'O', 'O', 'O', 'O', 'O', 'O', 'O', 'O', 'O']"
109,"['Hiking', 'to', 'the', 'summit', 'of', 'Mulhacén', 'offers', 'breathtaking', 'views', 'of', 'the', 'surrounding', 'landscape', '.']","['O', 'O', 'O', 'O', 'O', 'B-MOUNTAIN', 'O', 'O', 'O', 'O', 'O', 'O', 'O', 'O']"
110,"['Gunung', 'Slamet', 'is', 'an', 'active', 'stratovolcano', 'located', 'in', 'Central', 'Java', ',', 'Indonesia', '.']","['B-MOUNTAIN', 'I-MOUNTAIN', 'O', 'O', 'O', 'O', 'O', 'O', 'O', 'O', 'O', 'O', 'O']"
111,"['Standing', 'at', '3', ',', '428', 'meters', ',', 'Gunung', 'Slamet', 'is', 'the', 'highest', 'peak', 'in', 'Central', 'Java', '.']","['O', 'O', 'O', 'O', 'O', 'O', 'O', 'B-MOUNTAIN', 'I-MOUNTAIN', 'O', 'O', 'O', 'O', 'O', 'O', 'O', 'O']"
112,"['Sabalan', 'is', 'a', 'dormant', 'stratovolcano', 'located', 'in', 'northwestern', 'Iran', ',', 'standing', 'at', 'an', 'elevation', 'of', '4', ',', '811', 'meters', '.']","['B-MOUNTAIN', 'O', 'O', 'O', 'O', 'O', 'O', 'O', 'O', 'O', 'O', 'O', 'O', 'O', 'O', 'O', 'O', 'O', 'O', 'O']"
113,"['The', 'name', 'Sabalan', 'means', 'chill', 'in', 'the', 'Persian', 'language', '.']","['O', 'O', 'B-MOUNTAIN', 'O', 'O', 'O', 'O', 'O', 'O', 'O']"
114,"['Mount', 'Waddington', 'is', 'the', 'highest', 'peak', 'in', 'the', 'Coast', 'Mountains', 'of', 'British', 'Columbia', ',', 'Canada', '.']","['B-MOUNTAIN', 'I-MOUNTAIN', 'O', 'O', 'O', 'O', 'O', 'O', 'O', 'O', 'O', 'O', 'O', 'O', 'O', 'O']"
115,"['Many', 'climbers', 'aspire', 'to', 'summit', 'Mount', 'Waddington', 'due', 'to', 'its', 'challenging', 'and', 'remote', 'location', '.']","['O', 'O', 'O', 'O', 'O', 'B-MOUNTAIN', 'I-MOUNTAIN', 'O', 'O', 'O', 'O', 'O', 'O', 'O', 'O']"
116,"['Mount', 'Marcus', 'Baker', 'is', 'the', 'highest', 'peak', 'in', 'the', 'Chugach', 'Mountains', 'of', 'Alaska', '.']","['B-MOUNTAIN', 'I-MOUNTAIN', 'I-MOUNTAIN', 'O', 'O', 'O', 'O', 'O', 'O', 'O', 'O', 'O', 'O', 'O']"
117,"['Sauyr', 'Zhotasy', 'is', 'a', 'talented', 'artist', 'known', 'for', 'his', 'innovative', 'use', 'of', 'color', 'and', 'texture', 'in', 'his', 'artwork', '.']","['B-MOUNTAIN', 'I-MOUNTAIN', 'O', 'O', 'O', 'O', 'O', 'O', 'O', 'O', 'O', 'O', 'O', 'O', 'O', 'O', 'O', 'O', 'O']"
118,"['Cerro', 'Bolson', 'de', 'los', 'Cerillos', 'is', 'a', 'prominent', 'peak', 'located', 'in', 'the', 'Andes', 'mountain', 'range', '.']","['B-MOUNTAIN', 'I-MOUNTAIN', 'I-MOUNTAIN', 'I-MOUNTAIN', 'I-MOUNTAIN', 'O', 'O', 'O', 'O', 'O', 'O', 'O', 'O', 'O', 'O', 'O']"
119,"['At', '16', ',', '023', 'feet', 'tall', ',', 'Cerro', 'Bolson', 'de', 'los', 'Cerillos', 'offers', 'stunning', 'views', 'of', 'the', 'surrounding', 'valleys', 'and', 'peaks', '.']","['O', 'O', 'O', 'O', 'O', 'O', 'O', 'B-MOUNTAIN', 'I-MOUNTAIN', 'I-MOUNTAIN', 'I-MOUNTAIN', 'I-MOUNTAIN', 'O', 'O', 'O', 'O', 'O', 'O', 'O', 'O', 'O', 'O']"
120,"['Tomort', 'Feng', 'is', 'a', 'talented', 'designer', 'known', 'for', 'his', 'innovative', 'concepts', 'and', 'attention', 'to', 'detail', '.']","['B-MOUNTAIN', 'I-MOUNTAIN', 'O', 'O', 'O', 'O', 'O', 'O', 'O', 'O', 'O', 'O', 'O', 'O', 'O', 'O']"
121,"['Yulong', 'Xueshan', ',', 'also', 'known', 'as', 'Jade', 'Dragon', 'Snow', 'Mountain', ',', 'is', 'a', 'stunning', 'mountain', 'range', 'located', 'in', 'Yunnan', 'Province', ',', 'China', '.']","['B-MOUNTAIN', 'I-MOUNTAIN', 'O', 'O', 'O', 'O', 'O', 'O', 'O', 'O', 'O', 'O', 'O', 'O', 'O', 'O', 'O', 'O', 'O', 'O', 'O', 'O', 'O']"
122,"['Many', 'visitors', 'are', 'drawn', 'to', 'Yulong', 'Xueshan', 'for', 'its', 'majestic', 'peaks', 'and', 'breathtaking', 'scenery', '.']","['O', 'O', 'O', 'O', 'O', 'B-MOUNTAIN', 'I-MOUNTAIN', 'O', 'O', 'O', 'O', 'O', 'O', 'O', 'O']"
123,"['Mount', 'Meru', 'is', 'a', 'sacred', 'mountain', 'in', 'Hindu', ',', 'Jain', ',', 'and', 'Buddhist', 'cosmology', ',', 'believed', 'to', 'be', 'the', 'center', 'of', 'all', 'physical', ',', 'metaphysical', ',', 'and', 'spiritual', 'universes', '.']","['B-MOUNTAIN', 'I-MOUNTAIN', 'O', 'O', 'O', 'O', 'O', 'O', 'O', 'O', 'O', 'O', 'O', 'O', 'O', 'O', 'O', 'O', 'O', 'O', 'O', 'O', 'O', 'O', 'O', 'O', 'O', 'O', 'O', 'O']"
124,"['According', 'to', 'Hindu', 'mythology', ',', 'Mount', 'Meru', 'is', 'considered', 'the', 'home', 'of', 'the', 'gods', 'and', 'the', 'axis', 'of', 'the', 'universe', '.']","['O', 'O', 'O', 'O', 'O', 'B-MOUNTAIN', 'I-MOUNTAIN', 'O', 'O', 'O', 'O', 'O', 'O', 'O', 'O', 'O', 'O', 'O', 'O', 'O', 'O']"
125,"['Vulkan', 'Shiveluch', ',', 'also', 'known', 'as', 'Shiveluch', 'Volcano', ',', 'is', 'one', 'of', 'the', 'most', 'active', 'volcanoes', 'on', 'the', 'Kamchatka', 'Peninsula', 'in', 'Russia', '.']","['B-MOUNTAIN', 'I-MOUNTAIN', 'O', 'O', 'O', 'O', 'O', 'O', 'O', 'O', 'O', 'O', 'O', 'O', 'O', 'O', 'O', 'O', 'O', 'O', 'O', 'O', 'O']"
126,"['The', 'eruption', 'history', 'of', 'Vulkan', 'Shiveluch', 'dates', 'back', 'to', 'the', 'mid-19th', 'century', '.']","['O', 'O', 'O', 'O', 'B-MOUNTAIN', 'I-MOUNTAIN', 'O', 'O', 'O', 'O', 'O', 'O', 'O']"
127,"['Nanda', 'Devi', 'is', 'the', 'second', 'highest', 'mountain', 'in', 'India', ',', 'towering', 'at', 'an', 'altitude', 'of', 'over', '7', ',', '800', 'meters', '.']","['B-MOUNTAIN', 'I-MOUNTAIN', 'O', 'O', 'O', 'O', 'O', 'O', 'O', 'O', 'O', 'O', 'O', 'O', 'O', 'O', 'O', 'O', 'O', 'O', 'O']"
128,"['The', 'Nanda', 'Devi', 'National', 'Park', ',', 'located', 'in', 'the', 'state', 'of', 'Uttarakhand', ',', 'is', 'home', 'to', 'the', 'majestic', 'Nanda', 'Devi', 'peak', '.']","['O', 'B-MOUNTAIN', 'I-MOUNTAIN', 'O', 'O', 'O', 'O', 'O', 'O', 'O', 'O', 'O', 'O', 'O', 'O', 'O', 'O', 'O', 'B-MOUNTAIN', 'I-MOUNTAIN', 'O', 'O']"
129,"['Ichinskaya', 'Sopka', 'is', 'a', 'stratovolcano', 'located', 'on', 'the', 'Kamchatka', 'Peninsula', 'in', 'Russia', '.']","['B-MOUNTAIN', 'I-MOUNTAIN', 'O', 'O', 'O', 'O', 'O', 'O', 'O', 'O', 'O', 'O', 'O']"
130,"['Batura', 'Sar', 'is', 'one', 'of', 'the', 'highest', 'peaks', 'in', 'the', 'Karakoram', 'mountain', 'range', '.']","['B-MOUNTAIN', 'I-MOUNTAIN', 'O', 'O', 'O', 'O', 'O', 'O', 'O', 'O', 'O', 'O', 'O', 'O']"
131,"['Climbers', 'from', 'around', 'the', 'world', 'are', 'drawn', 'to', 'the', 'challenging', 'ascent', 'of', 'Batura', 'Sar', '.']","['O', 'O', 'O', 'O', 'O', 'O', 'O', 'O', 'O', 'O', 'O', 'O', 'B-MOUNTAIN', 'I-MOUNTAIN', 'O']"
132,"['Gunung', 'Lawu', 'is', 'a', 'dormant', 'volcanic', 'mountain', 'located', 'on', 'the', 'border', 'between', 'East', 'Java', 'and', 'Central', 'Java', 'in', 'Indonesia', '.']","['B-MOUNTAIN', 'I-MOUNTAIN', 'O', 'O', 'O', 'O', 'O', 'O', 'O', 'O', 'O', 'O', 'O', 'O', 'O', 'O', 'O', 'O', 'O', 'O']"
133,"['Many', 'people', 'visit', 'Gunung', 'Lawu', 'to', 'hike', 'and', 'enjoy', 'its', 'stunning', 'views', '.']","['O', 'O', 'O', 'B-MOUNTAIN', 'I-MOUNTAIN', 'O', 'O', 'O', 'O', 'O', 'O', 'O', 'O']"
134,"['Mount', 'Siple', ',', 'located', 'in', 'Antarctica', ',', 'is', 'a', 'remote', 'and', 'impressive', 'shield', 'volcano', '.']","['B-MOUNTAIN', 'I-MOUNTAIN', 'O', 'O', 'O', 'O', 'O', 'O', 'O', 'O', 'O', 'O', 'O', 'O', 'O']"
135,"['Pico', 'Duarte', 'is', 'the', 'highest', 'peak', 'in', 'the', 'Dominican', 'Republic', '.']","['B-MOUNTAIN', 'I-MOUNTAIN', 'O', 'O', 'O', 'O', 'O', 'O', 'O', 'O', 'O']"
136,"['Hiking', 'to', 'the', 'summit', 'of', 'Pico', 'Duarte', 'offers', 'breathtaking', 'views', 'of', 'the', 'surrounding', 'mountains', '.']","['O', 'O', 'O', 'O', 'O', 'B-MOUNTAIN', 'I-MOUNTAIN', 'O', 'O', 'O', 'O', 'O', 'O', 'O', 'O']"
137,"['Manaslu', 'is', 'the', 'eighth', 'highest', 'mountain', 'in', 'the', 'world', ',', 'located', 'in', 'the', 'Himalayas', 'of', 'Nepal', '.']","['B-MOUNTAIN', 'O', 'O', 'O', 'O', 'O', 'O', 'O', 'O', 'O', 'O', 'O', 'O', 'O', 'O', 'O', 'O']"
138,"['Many', 'mountaineers', 'are', 'drawn', 'to', 'Manaslu', 'for', 'its', 'challenging', 'ascent', 'and', 'stunning', 'beauty', '.']","['O', 'O', 'O', 'O', 'O', 'B-MOUNTAIN', 'O', 'O', 'O', 'O', 'O', 'O', 'O', 'O']"
139,"['Mount', 'Whitney', 'is', 'the', 'highest', 'summit', 'in', 'the', 'contiguous', 'United', 'States', ',', 'with', 'an', 'elevation', 'of', '14', ',', '505', 'feet', '.']","['B-MOUNTAIN', 'I-MOUNTAIN', 'O', 'O', 'O', 'O', 'O', 'O', 'O', 'O', 'O', 'O', 'O', 'O', 'O', 'O', 'O', 'O', 'O', 'O', 'O']"
140,"['Many', 'outdoor', 'enthusiasts', 'challenge', 'themselves', 'to', 'hike', 'or', 'climb', 'Mount', 'Whitney', 'for', 'its', 'stunning', 'views', 'and', 'sense', 'of', 'accomplishment', '.']","['O', 'O', 'O', 'O', 'O', 'O', 'O', 'O', 'O', 'B-MOUNTAIN', 'I-MOUNTAIN', 'O', 'O', 'O', 'O', 'O', 'O', 'O', 'O', 'O']"
141,"['Piton', 'des', 'Neiges', 'is', 'the', 'highest', 'peak', 'on', 'the', 'island', 'of', 'Réunion', '.']","['B-MOUNTAIN', 'I-MOUNTAIN', 'I-MOUNTAIN', 'O', 'O', 'O', 'O', 'O', 'O', 'O', 'O', 'O', 'O']"
142,"['The', 'name', 'Piton', 'des', 'Neiges', 'translates', 'to', 'Peak', 'of', 'Snows', 'in', 'English', '.']","['O', 'O', 'B-MOUNTAIN', 'I-MOUNTAIN', 'I-MOUNTAIN', 'O', 'O', 'O', 'O', 'O', 'O', 'O', 'O']"
143,"['Gunung', 'Raung', 'is', 'an', 'active', 'volcano', 'located', 'on', 'the', 'island', 'of', 'Java', 'in', 'Indonesia', '.']","['B-MOUNTAIN', 'I-MOUNTAIN', 'O', 'O', 'O', 'O', 'O', 'O', 'O', 'O', 'O', 'O', 'O', 'O', 'O']"
144,"['The', 'majestic', 'Gunung', 'Raung', 'is', 'a', 'popular', 'destination', 'for', 'hikers', 'and', 'nature', 'enthusiasts', '.']","['O', 'O', 'B-MOUNTAIN', 'I-MOUNTAIN', 'O', 'O', 'O', 'O', 'O', 'O', 'O', 'O', 'O', 'O']"
145,"['Xuelian', 'Feng', 'is', 'a', 'highly', 'respected', 'researcher', 'in', 'the', 'field', 'of', 'environmental', 'science', '.']","['B-MOUNTAIN', 'I-MOUNTAIN', 'O', 'O', 'O', 'O', 'O', 'O', 'O', 'O', 'O', 'O', 'O', 'O']"
146,"['Mount', 'Lucania', 'is', 'the', 'third-highest', 'peak', 'in', 'Canada', 'and', 'is', 'located', 'in', 'the', 'Saint', 'Elias', 'Mountains', 'of', 'the', 'Yukon', '.']","['B-MOUNTAIN', 'I-MOUNTAIN', 'O', 'O', 'O', 'O', 'O', 'O', 'O', 'O', 'O', 'O', 'O', 'O', 'O', 'O', 'O', 'O', 'O', 'O']"
147,"['Standing', 'at', 'an', 'impressive', '5', ',', '226', 'meters', 'tall', ',', 'Mount', 'Lucania', 'offers', 'a', 'challenging', 'climb', 'for', 'experienced', 'mountaineers', '.']","['O', 'O', 'O', 'O', 'O', 'O', 'O', 'O', 'O', 'O', 'B-MOUNTAIN', 'I-MOUNTAIN', 'O', 'O', 'O', 'O', 'O', 'O', 'O', 'O']"
148,"['Gangkar', 'Punsum', 'is', 'the', 'highest', 'peak', 'in', 'Bhutan', ',', 'standing', 'at', 'an', 'impressive', '7', ',', '570', 'meters', '.']","['B-MOUNTAIN', 'I-MOUNTAIN', 'O', 'O', 'O', 'O', 'O', 'O', 'O', 'O', 'O', 'O', 'O', 'O', 'O', 'O', 'O', 'O']"
149,"['Climbing', 'Gangkar', 'Punsum', 'is', 'considered', 'a', 'challenging', 'feat', 'for', 'even', 'experienced', 'mountaineers', '.']","['O', 'B-MOUNTAIN', 'I-MOUNTAIN', 'O', 'O', 'O', 'O', 'O', 'O', 'O', 'O', 'O', 'O']"
150,"['Gunung', 'Agung', 'is', 'the', 'highest', 'volcano', 'in', 'Bali', ',', 'Indonesia', ',', 'standing', 'tall', 'at', 'over', '9', ',', '900', 'feet', '.']","['B-MOUNTAIN', 'I-MOUNTAIN', 'O', 'O', 'O', 'O', 'O', 'O', 'O', 'O', 'O', 'O', 'O', 'O', 'O', 'O', 'O', 'O', 'O', 'O']"
151,"['Many', 'locals', 'and', 'tourists', 'visit', 'Gunung', 'Agung', 'for', 'its', 'stunning', 'views', 'and', 'spiritual', 'significance', '.']","['O', 'O', 'O', 'O', 'O', 'B-MOUNTAIN', 'I-MOUNTAIN', 'O', 'O', 'O', 'O', 'O', 'O', 'O', 'O']"
152,"['Gunung', 'Binaiya', 'is', 'the', 'highest', 'mountain', 'in', 'the', 'Maluku', 'Islands', 'of', 'Indonesia', '.']","['B-MOUNTAIN', 'I-MOUNTAIN', 'O', 'O', 'O', 'O', 'O', 'O', 'O', 'O', 'O', 'O', 'O']"
153,"['Climbing', 'Gunung', 'Binaiya', 'offers', 'a', 'challenging', 'and', 'rewarding', 'experience', 'for', 'adventure', 'enthusiasts', '.']","['O', 'B-MOUNTAIN', 'I-MOUNTAIN', 'O', 'O', 'O', 'O', 'O', 'O', 'O', 'O', 'O', 'O']"
154,"['Pico', 'Basilé', 'is', 'the', 'highest', 'peak', 'in', 'Equatorial', 'Guinea', '.']","['B-MOUNTAIN', 'I-MOUNTAIN', 'O', 'O', 'O', 'O', 'O', 'O', 'O', 'O']"
155,"['Many', 'hikers', 'and', 'adventurers', 'seek', 'to', 'conquer', 'Pico', 'Basilé', 'for', 'its', 'stunning', 'views', 'and', 'challenging', 'terrain', '.']","['O', 'O', 'O', 'O', 'O', 'O', 'O', 'B-MOUNTAIN', 'I-MOUNTAIN', 'O', 'O', 'O', 'O', 'O', 'O', 'O', 'O']"
156,"['Koryakskaya', 'Sopka', 'is', 'an', 'impressive', 'stratovolcano', 'located', 'on', 'the', 'Kamchatka', 'Peninsula', 'in', 'Russia', '.']","['B-MOUNTAIN', 'I-MOUNTAIN', 'O', 'O', 'O', 'O', 'O', 'O', 'O', 'O', 'O', 'O', 'O', 'O']"
157,"['The', 'name', 'Koryakskaya', 'Sopka', 'is', 'derived', 'from', 'the', 'indigenous', 'Koryak', 'people', 'who', 'have', 'lived', 'in', 'the', 'region', 'for', 'centuries', '.']","['O', 'O', 'B-MOUNTAIN', 'I-MOUNTAIN', 'O', 'O', 'O', 'O', 'O', 'O', 'O', 'O', 'O', 'O', 'O', 'O', 'O', 'O', 'O', 'O']"
158,"['Mount', 'Stephenson', 'is', 'a', 'prominent', 'peak', 'located', 'in', 'the', 'Canadian', 'Rockies', '.']","['B-MOUNTAIN', 'I-MOUNTAIN', 'O', 'O', 'O', 'O', 'O', 'O', 'O', 'O', 'O', 'O']"
159,"['Many', 'hikers', 'and', 'outdoor', 'enthusiasts', 'are', 'drawn', 'to', 'Mount', 'Stephenson', 'for', 'its', 'stunning', 'views', 'and', 'challenging', 'trails', '.']","['O', 'O', 'O', 'O', 'O', 'O', 'O', 'O', 'B-MOUNTAIN', 'I-MOUNTAIN', 'O', 'O', 'O', 'O', 'O', 'O', 'O', 'O']"
160,"['Annapurna', 'is', 'the', 'goddess', 'of', 'abundance', 'and', 'nourishment', 'in', 'Hindu', 'mythology', '.']","['B-MOUNTAIN', 'O', 'O', 'O', 'O', 'O', 'O', 'O', 'O', 'O', 'O', 'O']"
161,"['Annapurna', 'is', 'also', 'the', 'name', 'of', 'a', 'popular', 'trekking', 'region', 'in', 'the', 'Himalayas', 'known', 'for', 'its', 'majestic', 'mountain', 'views', '.']","['B-MOUNTAIN', 'O', 'O', 'O', 'O', 'O', 'O', 'O', 'O', 'O', 'O', 'O', 'O', 'O', 'O', 'O', 'O', 'O', 'O', 'O']"
162,"['Pik', 'Talghar', 'is', 'a', 'renowned', 'expert', 'in', 'environmental', 'conservation', 'strategies', '.']","['B-MOUNTAIN', 'I-MOUNTAIN', 'O', 'O', 'O', 'O', 'O', 'O', 'O', 'O', 'O']"
163,"['Many', 'organizations', 'seek', 'out', 'Pik', 'Talghar', 's', 'expertise', 'when', 'developing', 'sustainable', 'initiatives', '.']","['O', 'O', 'O', 'O', 'B-MOUNTAIN', 'I-MOUNTAIN', 'O', 'O', 'O', 'O', 'O', 'O', 'O']"
164,"['Mount', 'Shasta', 'is', 'a', 'majestic', 'peak', 'located', 'in', 'Northern', 'California', '.']","['B-MOUNTAIN', 'I-MOUNTAIN', 'O', 'O', 'O', 'O', 'O', 'O', 'O', 'O', 'O']"
165,"['Many', 'outdoor', 'enthusiasts', 'enjoy', 'hiking', 'and', 'skiing', 'on', 'Mount', 'Shasta', 'throughout', 'the', 'year', '.']","['O', 'O', 'O', 'O', 'O', 'O', 'O', 'O', 'B-MOUNTAIN', 'I-MOUNTAIN', 'O', 'O', 'O', 'O']"
166,"['Foho', 'Ramelau', 'is', 'the', 'highest', 'peak', 'in', 'East', 'Timor', ',', 'standing', 'at', 'an', 'elevation', 'of', '2', ',', '963', 'meters', '.']","['B-MOUNTAIN', 'I-MOUNTAIN', 'O', 'O', 'O', 'O', 'O', 'O', 'O', 'O', 'O', 'O', 'O', 'O', 'O', 'O', 'O', 'O', 'O', 'O']"
167,"['Many', 'hikers', 'are', 'drawn', 'to', 'Foho', 'Ramelau', 'for', 'its', 'stunning', 'views', 'and', 'challenging', 'trails', '.']","['O', 'O', 'O', 'O', 'O', 'B-MOUNTAIN', 'I-MOUNTAIN', 'O', 'O', 'O', 'O', 'O', 'O', 'O', 'O']"
168,"['Mount', 'Wilhelm', 'is', 'the', 'highest', 'mountain', 'in', 'Papua', 'New', 'Guinea', ',', 'standing', 'at', 'an', 'impressive', '4', ',', '509', 'meters', '.']","['B-MOUNTAIN', 'I-MOUNTAIN', 'O', 'O', 'O', 'O', 'O', 'O', 'O', 'O', 'O', 'O', 'O', 'O', 'O', 'O', 'O', 'O', 'O', 'O']"
169,"['Many', 'adventure', 'enthusiasts', 'seek', 'to', 'conquer', 'Mount', 'Wilhelm', 'for', 'its', 'breathtaking', 'views', 'and', 'challenging', 'terrain', '.']","['O', 'O', 'O', 'O', 'O', 'O', 'B-MOUNTAIN', 'I-MOUNTAIN', 'O', 'O', 'O', 'O', 'O', 'O', 'O', 'O']"
170,"['Mount', 'Apo', 'is', 'the', 'highest', 'mountain', 'in', 'the', 'Philippines', ',', 'standing', 'proudly', 'at', 'over', '9', ',', '600', 'feet', 'tall', '.']","['B-MOUNTAIN', 'I-MOUNTAIN', 'O', 'O', 'O', 'O', 'O', 'O', 'O', 'O', 'O', 'O', 'O', 'O', 'O', 'O', 'O', 'O', 'O', 'O']"
171,"['Many', 'adventurers', 'and', 'nature', 'enthusiasts', 'seek', 'to', 'conquer', 'the', 'challenge', 'of', 'climbing', 'Mount', 'Apo', 'to', 'witness', 'its', 'breathtaking', 'views', '.']","['O', 'O', 'O', 'O', 'O', 'O', 'O', 'O', 'O', 'O', 'O', 'O', 'B-MOUNTAIN', 'I-MOUNTAIN', 'O', 'O', 'O', 'O', 'O', 'O']"
172,"['Gyala', 'Peri', 'is', 'located', 'in', 'the', 'eastern', 'Himalayas', 'and', 'is', 'known', 'for', 'its', 'dramatic', 'peak', 'reaching', 'over', '7', ',', '000', 'meters', 'in', 'height', '.']","['B-MOUNTAIN', 'I-MOUNTAIN', 'O', 'O', 'O', 'O', 'O', 'O', 'O', 'O', 'O', 'O', 'O', 'O', 'O', 'O', 'O', 'O', 'O', 'O', 'O', 'O', 'O', 'O']"
173,"['Climbers', 'from', 'around', 'the', 'world', 'are', 'drawn', 'to', 'Gyala', 'Peri', 'for', 'its', 'challenging', 'ascent', 'and', 'stunning', 'views', '.']","['O', 'O', 'O', 'O', 'O', 'O', 'O', 'O', 'B-MOUNTAIN', 'I-MOUNTAIN', 'O', 'O', 'O', 'O', 'O', 'O', 'O', 'O']"
174,"['Mount', 'Suckling', 'is', 'located', 'in', 'the', 'Southern', 'Alps', 'of', 'New', 'Zealand', '.']","['B-MOUNTAIN', 'I-MOUNTAIN', 'O', 'O', 'O', 'O', 'O', 'O', 'O', 'O', 'O', 'O']"
175,"['The', 'summit', 'of', 'Mount', 'Suckling', 'offers', 'breathtaking', 'views', 'of', 'the', 'surrounding', 'landscape', '.']","['O', 'O', 'O', 'B-MOUNTAIN', 'I-MOUNTAIN', 'O', 'O', 'O', 'O', 'O', 'O', 'O', 'O']"
