1,Mount Everest
2,Aconcagua
3,Denali
4,Kilimanjaro
5,Pico Cristobal Colon
6,Mount Logan
7,Pico de Orizaba
8,Vinson Massif
9,Carstensz Pyramid
10,Elbrus
11,Mont Blanc
12,Damavand
13,Klyuchevskaya Sopka
14,Nanga Parbat
15,Mauna Kea
16,Pik Pobeda
17,Volcan Chimborazo
18,Bogda Feng
19,Namcha Barwa
20,Kinabalu
21,Mount Rainier
22,K2
23,Ras Dashen
24,Volcan Tajumulco
25,Pico Bolívar
26,Mount Fairweather
27,Yushan
28,Mount Stanley
29,Kangchenjunga
30,Tirich Mir
31,Mount Cameroon
32,Mount Kenya
33,Gunung Kerinci
34,Mount Erebus
35,Fuji-san
36,Jebel Toubkal
37,Cerro Chirripo
38,Gunung Rinjani
39,Mount Cook
40,Pico de Teide
41,Mount Boising
42,Cerro San Valentín
43,Gunnbjørn Fjeld
44,Ojos del Salado
45,Gunung Semeru
46,Ritacuba Blanco
47,Gongga Shan
48,Mount Ararat
49,Kongur Tagh
50,Mount Blackburn
51,Mount Hayes
52,Gunung Rantemario
53,Mount Saint Elias
54,Pik Ismail Samani
55,Dhaulagiri
56,Etna
57,Cerro Mercedario
58,Gora Belukha
59,Jabal an Nabi Shu'ayb
60,Monte San Lorenzo
61,Volcan Karisimbi
62,Volcan Lautaro
63,Mulhacén
64,Gunung Slamet
65,Sabalan
66,Mount Waddington
67,Mount Marcus Baker
68,Sauyr Zhotasy
69,Cerro Bolson de los Cerillos
70,Tomort Feng
71,Yulong Xueshan
72,Mount Meru
73,Vulkan Shiveluch
74,Nanda Devi
75,Ichinskaya Sopka
76,Batura Sar
77,Gunung Lawu
78,Mount Siple
79,Pico Duarte
80,Manaslu
81,Mount Whitney
82,Piton des Neiges
83,Gunung Raung
84,Xuelian Feng
85,Haleakala
86,Mount Lucania
87,Gangkar Punsum
88,Volcan Popocatépetl
89,Gunung Agung
90,Gunung Binaiya
91,Pico Basilé
92,Koryakskaya Sopka
93,Mount Stephenson
94,Annapurna
95,Pik Talghar
96,Mount Shasta
97,Foho Ramelau
98,Mount Wilhelm
99,Mount Apo
100,Gyala Peri
101,Mount Suckling
